{
  "project_info": {
    "project_number": "651884550797",
    "firebase_url": "https://mybfpapp.firebaseio.com",
    "project_id": "mybfpapp",
    "storage_bucket": "mybfpapp.appspot.com"
  },
  "client": [
    {
      "client_info": {
        "mobilesdk_app_id": "1:651884550797:android:0fe10ce59f973ed24060c4",
        "android_client_info": {
          "package_name": "be.ehb.proj.basicbmiapplication"
        }
      },
      "oauth_client": [
        {
          "client_id": "651884550797-j7s4onfpu5hrnffsrqr1jb2lig9ljm32.apps.googleusercontent.com",
          "client_type": 1,
          "android_info": {
            "package_name": "be.ehb.proj.basicbmiapplication",
            "certificate_hash": "463bdb847081770390ccdead83c390abfedd0277"
          }
        },
        {
          "client_id": "651884550797-mhig505usvr5ehmg8it1eot1eqqlud6e.apps.googleusercontent.com",
          "client_type": 3
        }
      ],
      "api_key": [
        {
          "current_key": "AIzaSyD9wZrIxOe274A7bb43o3CYzLliTjyDDiM"
        }
      ],
      "services": {
        "appinvite_service": {
          "other_platform_oauth_client": [
            {
              "client_id": "651884550797-mhig505usvr5ehmg8it1eot1eqqlud6e.apps.googleusercontent.com",
              "client_type": 3
            }
          ]
        }
      }
    },
    {
      "client_info": {
        "mobilesdk_app_id": "1:651884550797:android:72909e863b88e77e4060c4",
        "android_client_info": {
          "package_name": "be.ehb.proj.mybfpapp"
        }
      },
      "oauth_client": [
        {
          "client_id": "651884550797-0emhpqs9c6051fualq4rpo4ri8ib9j11.apps.googleusercontent.com",
          "client_type": 1,
          "android_info": {
            "package_name": "be.ehb.proj.mybfpapp",
            "certificate_hash": "463bdb847081770390ccdead83c390abfedd0277"
          }
        },
        {
          "client_id": "651884550797-mhig505usvr5ehmg8it1eot1eqqlud6e.apps.googleusercontent.com",
          "client_type": 3
        }
      ],
      "api_key": [
        {
          "current_key": "AIzaSyD9wZrIxOe274A7bb43o3CYzLliTjyDDiM"
        }
      ],
      "services": {
        "appinvite_service": {
          "other_platform_oauth_client": [
            {
              "client_id": "651884550797-mhig505usvr5ehmg8it1eot1eqqlud6e.apps.googleusercontent.com",
              "client_type": 3
            }
          ]
        }
      }
    }
  ],
  "configuration_version": "1"
}